Model,Accuracy,F1-Weighted,F1-Macro,AUC Score
Deep MLP with TF-IDF,0.6609047443913203,0.6850760177709129,0.43772467048663505,0.8637367863754088
CNN Model,0.5336520779698418,0.5904320661639688,0.3455835106583427,0.8625956708811896
LSTM Model,0.5093784479588084,0.5776389483986392,0.351721969822451,0.8754086414128001
Hybrid CNN-LSTM,0.46781905112173594,0.54405282013401,0.31727327414145545,0.8452530334888564
BiLSTM with Attention,0.45457888929753587,0.5239628241568305,0.3189931373706242,0.8514595596614168
Transformer Model,0.2041191614564178,0.2376098281526462,0.1614903350046531,0.5741225960950126
